obs,open_stock,high_stock,low_stock,close_stock,volume_stock,open_hsi,high_hsi,low_hsi,close_hsi,volume_hsi
1,23.95,24,23.2,23.65,11560500,23782.85938,23888.36914,23175.36914,23475.25977,3344858000
2,23.6,24.05,23.5,23.85,6040500,23595.57031,23864.30078,23537.65039,23658.91992,2118634900
3,23.7,24,23.6,23.9,6858500,23524.05078,23807,23517.51953,23788.92969,2328241400
4,23.9,24.35,23.6,24.2,5462500,23675.25977,23802.76953,23451.92969,23766.68945,2717889700
5,24.25,24.8,24.15,24.7,10269500,23420.43945,23628.30078,23314.9707,23349.38086,2357402800
6,24.65,25,24.45,24.9,10190500,23704.50977,23989.7793,23512.5,23983.66016,2120328800
7,25.05,25.05,24.6,24.85,4565000,24090.01953,24097.98047,23907.30078,23996.86914,1778623400
8,24.9,25.1,24.75,24.9,3289000,24168.41016,24324.83984,24153.7207,24254.85938,1743251800
9,24.95,24.95,24.7,24.75,4055000,24070.56055,24214.67969,23916.63086,23995.7207,1413938100
10,24.7,25.05,24.6,24.75,4083000,24242.25977,24385.43945,23936.92969,23954.58008,1538105600
11,24.6,24.85,24.4,24.5,5106000,23693.73047,23817.58008,23560.13086,23635.94922,1553577700
12,24.6,25,24.35,24.85,5337500,23658.03906,23745.75,23325.91992,23420.75977,1597121900
13,24.85,24.9,24.55,24.8,5345000,23287.92969,23526.05078,23155.61914,23475.5,1498950200
14,24.85,25.15,24.55,24.9,8503000,23463.7793,23463.7793,23158.69922,23192.63086,2188694200
15,24.75,24.8,24.3,24.6,7817000,23079.83008,23145.30078,22665.25,22744.85938,1681615600
16,24.75,24.9,24.4,24.65,5985500,22795.57031,23100.17969,22730.08008,22971.33008,1651194400
17,24.65,24.75,24.5,24.65,2492000,23221.13086,23258.71094,22979.75977,23102.33008,1230794100
18,24.65,24.95,24.65,24.95,3462000,23141.78906,23264.75,23027.15039,23193.64063,1387904000
19,24.9,25.1,24.85,25.05,2511000,23375.99023,23383.18945,23186.57031,23223.75977,622879700
20,25.05,25.65,25,25.5,10729500,23282.34961,23319.43945,23099.48047,23280.56055,1433026700
21,25.6,25.7,25.45,25.6,6084500,23253.98047,23253.98047,23008.2793,23086.53906,828414400
22,25.65,25.75,25.55,25.6,4577500,23130.44922,23248.25977,22990.24023,23112.00977,1008366000
23,25.6,25.7,25.45,25.5,1577000,23553.78906,23590.11914,23394.76953,23397.66992,675936400
24,25.6,26.05,25.55,25.95,7136500,23510.53906,23605.0293,23193.18945,23274.75,734331100
25,26.3,26.75,25.95,26.55,13100000,23400.61914,23439.30078,23146.89063,23289.83984,1760141200
26,26.9,27.55,26.75,27.45,25311000,23323.76953,23323.76953,22851.5,22907.25,2768859000
27,27.35,27.8,26.85,27.65,19715500,22843.19922,23082.94922,22709.59961,23072.85938,1765786100
28,27.95,28.05,27.2,27.8,12575000,23318.91992,23497.5,23162.84961,23493.38086,2602290600
29,27.85,28.7,27.55,28.7,24119500,23523.90039,23790.51953,23399.08984,23746.53906,2544917200
30,28.65,28.75,28.05,28.1,15386500,23678.68945,23863.83008,23595.00977,23739.06055,2331482400
31,28.1,28.2,27.6,28.05,11544500,24069.51953,24402.16992,24069.51953,24402.16992,2489491200
32,28.1,28.65,28.05,28.65,11590500,24561.48047,24561.48047,24289.18945,24429.76953,2160545100
33,28.55,29.15,28.1,29.05,19439500,24185.85938,24383.32031,24140.81055,24383.32031,1840017300
34,29,29.15,28.85,29.15,8824500,24390.28906,24408.88086,24111.74023,24218.0293,1633511900
35,29.15,29.15,28.8,29.05,9784000,24274.75,24385.05078,24009.71094,24112.7793,1638866400
36,29.1,29.45,28.9,29.35,14002000,24229.7793,24286.14063,23951.59961,24127.84961,1729894900
37,29.4,29.5,28.95,29.5,13445500,24263.15039,24952.34961,24233.17969,24952.34961,2531394600
38,29.8,30.05,29.4,29.9,19967000,24897.58984,24982.0293,24723.91992,24965.55078,2370146600
39,29.65,30.15,29.6,30,11049000,24693.42969,24795.53906,24570.86914,24656.46094,1871541000
40,29.75,30.05,29.35,29.8,14012500,24251.2207,24366.89063,24001.96094,24243.60938,2183354400
41,29.85,30.1,29.65,30.1,11876500,24342.90039,24487.30078,24123.69922,24289.90039,1959621300
42,29.95,30.3,29.9,30.2,11452000,23952.00977,23952.00977,23565,23807,1846826800
43,30.3,30.3,29.45,29.5,12246000,23818.93945,23848.01953,23507.0293,23550.08008,1777188300
44,29.9,30.2,29.75,29.95,5018500,23624.14063,23975.69922,23469.75977,23802.25977,995464900
45,30.2,31.35,30,31.05,20310000,24392.85938,24609.33008,24140.89063,24573.28906,1832921400
46,31,31.95,30.95,31.9,19761000,24609.42969,24616.5,24365.89063,24579.55078,0
47,31.95,32.3,31.8,32.1,16497000,24548.05078,24548.05078,24149.75,24329.49023,2294892100
48,32.35,32.5,31.8,32.5,15738000,24727.33984,24896.42969,24690.44922,24829.99023,2511123700
49,32.45,32.5,32.05,32.1,12123000,25050.58984,25050.58984,24649.74023,24924.34961,2097934100
50,32,32.5,31.85,32.4,19638000,24837.19922,24957.81055,24732.65039,24906.66016,2514710500
51,32.4,32.75,31.75,31.8,13805000,24725.09961,24733.10938,24482.85938,24556.57031,1978812000
52,31.4,31.5,30.3,30.4,25789000,24458.5,24570.08984,24219.90039,24355.71094,2625908900
53,30.7,32.4,30.7,32.1,23253000,24618.30078,24728.92969,24548.05078,24718.90039,1815173000
54,32,32.2,31.15,31.6,12750000,24722.88086,24861.82031,24523.94922,24792.76953,1566206700
55,31.35,31.5,31,31.25,9338500,24633.66016,24763.36914,24284.5293,24327.71094,1677848400
56,31.1,31.7,30.8,31.7,6709000,24109.58984,24231.08008,23998.76953,24170.07031,1618294600
57,31.05,31.65,30.25,30.3,19992000,23692.53906,23813.64063,23336.7793,23520,2057604700
58,30.45,30.45,29.05,29.5,26200500,23617.9707,23745.07031,23500.91992,23660.2793,1416047900
59,29.05,29.9,28.6,28.9,22211500,23268.0293,23376.36914,22786.39063,22901.56055,2997726900
60,28.9,28.9,27.95,28.2,18411500,22908.09961,23046.85938,22718.15039,22767.17969,2524255600
61,28.2,28.3,27.5,28,17291000,22818.16992,22818.16992,22406.11914,22713.01953,2833849000
62,28,28.15,27.5,27.75,13787500,22739.83984,22937.56055,22591.73047,22761.71094,1796043100
63,27.25,27.3,26.45,26.5,24612500,22568.35938,22712.43945,22299.14063,22343.91992,2227896000
64,27.1,27.85,27.05,27.65,16039000,22434.25977,22543.41992,22378.10938,22467.33984,1937725100
65,27.2,27.65,27,27.5,9947000,21879.13086,22017.93945,21838.99023,21905.28906,2438205000
66,26.8,26.8,26.1,26.7,12788500,21308.90039,21327.18945,20826.35938,21057.63086,3322870000
67,26.7,27.05,26.5,26.9,15612000,21082.39063,21303.51953,20638.94922,20765.86914,3231989700
68,26.95,27.4,26.2,26.75,16842500,20820.01953,20957.7207,20102.57031,20627.71094,3674580900
69,27.25,28.3,27.2,28.05,18656000,21106.57031,21114.43945,20709.61914,20890.25977,2694330600
70,27.65,28.25,27.55,27.9,14852500,20460.0293,20778.85938,20079.15039,20553.78906,3019997500
71,27.9,28.65,27.6,28.3,21488500,20203.83984,20203.83984,19416.7793,19531.66016,4096127300
72,28.25,28.3,27.1,27.35,29068500,18931.17969,19392.68945,18235.48047,18415.08008,6012760100
73,27.9,27.95,26.65,27.55,16926000,18956.01953,20120.84961,18584.03906,20087.5,5501050500
74,28.45,28.7,27.75,28.5,16575500,21430.71094,21501.23047,20786.68945,21501.23047,4826218000
75,28.45,28.9,28.1,28.4,16550000,21232.88086,21646.15039,20922.36914,21412.40039,4590509200
76,28.5,29.15,28.2,28.3,10498000,21823.07031,21823.07031,21096.31055,21221.33984,2340034100
77,28.4,29,28.4,28.45,8177000,21319.18945,21906.32031,21266.90039,21889.2793,2590383300
78,28.55,29.15,28.2,28.95,12949000,22088.78906,22423.50977,21983.09961,22154.08008,2835723800
79,28.8,28.9,28.2,28.6,10589000,22002.86914,22231.66992,21900.13086,21945.94922,2404819800
80,28.45,29,28.4,28.5,8660000,21735.60938,21944.08008,21289.25977,21404.88086,2358152600
81,28.45,28.7,28.15,28.55,8707500,21422.19922,21790.9707,21202.68945,21684.9707,2200278800
82,28.6,28.9,28.25,28.35,9045500,21771.28906,21937.26953,21722.16992,21927.63086,2259328100
83,28.5,30.35,28.5,29.85,23378500,22101.63086,22391.34961,22033.7793,22232.0293,2729645500
84,29.85,30,29.65,29.8,8594000,22262.16016,22262.16016,21922.58008,21996.84961,2226286300
85,29.75,29.95,29.45,29.75,8558500,21693.09961,22039.55078,21558.05078,22039.55078,1937497800
86,30.3,30.5,29.45,29.8,10326500,22227.10938,22523.64063,22124.0293,22502.31055,1868076200
87,30.1,30.15,29.6,29.7,6636500,22220.21094,22244.99023,22015.11914,22080.51953,2749772600
88,29.75,30.3,29.55,30.2,11633500,21910.40039,22236.92969,21779.18945,21808.98047,2078973200
89,30.35,30.35,29.8,30.1,9070000,21667.5293,21872.00977,21568.2207,21872.00977,1739886100
90,30.2,30.25,29.65,29.85,7089000,21688.0293,21688.0293,21132.53906,21208.30078,2104906000
91,29.95,30.4,29.75,30.2,10429000,21279.17969,21519.13086,20988.19922,21319.13086,2045265200
92,30.25,30.25,29.7,29.85,7056500,21192.61914,21531.48047,21141.06055,21374.36914,1696862200
93,29.8,29.85,29.5,29.5,6599500,21463.34961,21587.4707,21358.73047,21518.08008,1719437600
94,29.2,29.5,28.7,29.45,8502500,21106,21191.80078,20896.42969,21027.75977,2240088300
95,29.35,30.05,29.35,29.85,8315000,20972.83984,21214.98047,20889.01953,20944.66992,1876429100
96,29.8,30.1,29.6,29.85,9774000,20780.85938,20920.59961,20483.85938,20682.2207,2226185800
97,29.8,29.8,29.35,29.4,7077500,20261.60938,20709.49023,20184.96094,20638.51953,2351346100
98,28.7,29.4,28.5,29.05,13771500,20284.59961,20284.59961,19784.2793,19869.33984,2912292500
99,29.05,29.1,28.5,28.6,9959000,19989.03906,20258.64063,19858.35938,19934.71094,2565706600
100,28.4,28.65,28.2,28.5,9604500,19723.46094,20053.10938,19665.49023,19946.35938,2361021600
101,28.3,29.05,28.2,29,6170000,20118.78906,20286.83008,19956.66992,20276.16992,2255667000
102,28.8,29.3,28.5,28.6,9027000,20271.40039,21176.58008,20040.07031,21089.39063,2727108500
103,29,30.5,28.65,30,17943500,20927.61914,21291.80078,20648.5293,21101.89063,1741666900
104,30.45,30.45,29.75,30.25,8814000,21025.69922,21047.13086,20772.80078,20869.51953,1139909500
105,30.3,30.6,30.1,30.2,8337000,21163.15039,21284.84961,20776.9707,20793.40039,1827136200
106,30.05,30.1,29.5,29.75,9551000,20287.06055,20320.2793,19973.4707,20001.96094,2110559000
107,29.4,29.6,28.9,29.35,9362000,19300.67969,19758.63086,19178.89063,19633.68945,2785651600
108,29.6,29.85,28.95,29.25,6151000,19511.80078,20083.49023,19474.0293,19824.57031,1958419000
109,29.3,29.35,28.85,28.85,7402500,19556.89063,19731.26953,19342.89063,19380.33984,2273639300
110,29.35,29.9,29.15,29.75,9969500,19615.99023,19925.43945,19608.25977,19898.76953,2075261400
111,29.6,29.75,29.3,29.45,3742000,20131.5293,20173.2207,19764.96094,19950.21094,1796370300
112,29.65,29.8,29.4,29.55,4952500,20193.59961,20626.41992,20169.24023,20602.51953,2207409300
113,29.45,29.75,29.2,29.55,4462500,20674.23047,20711.92969,20389.60938,20644.2793,1945972100
114,29,29.35,28.8,28.95,7745000,20146.96094,20277.93945,19924.86914,20120.67969,2120940500
115,29.2,29.65,29,29.6,7941500,20470.94922,20794.13086,20408.67969,20717.24023,2173124300
116,29.6,29.6,29.3,29.3,3344000,20608.65039,20642.75977,20303.55078,20470.06055,1696099800
117,29.4,29.55,29.15,29.3,4370000,20420.14063,20509.61914,19989.61914,20112.09961,1825206400
118,29.7,30.15,29.5,29.75,9373500,20115.56055,20370.74023,20067.98047,20171.26953,2097456800
119,30,30.25,29.75,30.2,8515500,20272.2207,20272.2207,19890.75977,20116.19922,1855500300
120,30.35,31,30.3,30.85,12048000,20646.06055,20779.75,20494.15039,20697.35938,2565822400
121,30.9,31,30.2,30.25,8211000,20933.5,21169.08008,20885.01953,21123.92969,2609326500
122,30.4,30.5,30,30.1,6751000,21106.41016,21415.19922,21029.7207,21415.19922,3919117100
123,30.4,30.5,30.1,30.4,6168000,21407.78906,21411.94922,21154.03906,21294.93945,2073470900
124,30.3,30.55,30.05,30.2,5850500,21057.03906,21115.7793,20884.16016,21082.13086,1816141700
125,30.25,30.6,29.65,30.55,6626500,21282.50977,21691.91992,21030.07031,21653.90039,2244704900
126,30.65,30.7,30.15,30.4,6409500,21577.48047,21744.46094,21394.58984,21531.66992,2145401800
127,30.5,30.7,29.5,29.75,18886500,21788.89063,22064.11914,21734.49023,22014.58984,2943006300
128,29.45,29.85,29.25,29.5,8818000,22121.5293,22142.82031,21737.93945,21869.05078,2544549600
129,29.4,29.7,29.3,29.5,4593500,21522.5,21935.00977,21487.91016,21806.17969,2686148300
130,29,29.4,28.85,29.2,6604500,21162.5293,21320.15039,20993.75977,21067.58008,2607011600
131,29.45,30.7,29.1,30.5,16352500,20783.53906,21175.00977,20717.64063,21067.99023,1965884200
132,30.15,30.8,29.95,29.95,12624000,21111.32031,21431.07031,21111.32031,21308.21094,2301321000
133,30.25,30.45,29.85,30.05,5579000,21515.64063,21545.83984,20697.41016,20845.42969,2341100400
134,30.05,30.75,29.9,30.6,11649500,20716.74023,21145.93945,20697.16992,21075,3097480100
135,30.3,30.95,30.3,30.9,7607500,20948.80078,21175.98047,20839.01953,21163.91016,2085205800
136,30.95,31.65,30.95,31.65,10466000,21264.98047,21564.86914,21175.94922,21559.58984,2133396900
137,31.6,31.65,31.1,31.15,4693000,21469.74023,21519.58008,21008.33984,21008.33984,2470631200
138,31.2,31.35,30.8,31.15,6855500,21157.58008,21443.58984,21010.89063,21273.86914,2007274200
139,31.1,31.45,30.6,30.95,8939000,21450.67969,21762.66992,21408.66016,21719.06055,2410823300
140,31.65,31.85,31.05,31.45,12871500,21976.80078,22414.42969,21976.80078,22229.51953,2994729200
141,31.4,31.7,31.1,31.45,7130000,22144.63086,22449.31055,21952.43945,22418.9707,2873985100
142,31.5,31.5,30.7,30.8,7954500,22125.60938,22289.07031,21844.05078,21996.89063,2834486800
143,31,31.3,30.6,31.05,11652500,21917.44922,22111.91016,21719.16992,21859.78906,2822730100
144,30.15,30.15,29.55,29.85,10561000,21690.67969,21886.34961,21458.63086,21830.34961,2203708000
145,30.2,30.55,29.9,29.95,4617000,22053.16016,22198.50977,21799.18945,21853.07031,2143810000
146,29.8,29.95,28.8,28.9,14895500,21777.64063,21833.40039,21286.66016,21586.66016,2886434300
147,28.8,29.2,28.35,29.1,10550500,21352.69922,21643.58008,21200.92969,21643.58008,1744594800
148,29.5,29.5,28.9,29.1,6523000,21961.75,21961.75,21614.65039,21725.7793,1565420200
149,28.95,29.2,28.8,29,5519000,21470.76953,21470.76953,21001.63086,21124.19922,1693929400
150,29,29.15,28.7,28.75,8102000,20905.07031,21084.08984,20779.58984,20844.74023,1745240700
151,28.8,28.95,28.5,28.5,5938000,20911.5293,21040.33984,20751.48047,20797.94922,2056959300
152,28.65,29,28.1,28.2,12756000,20818.26953,20888.80078,20554.15039,20751.21094,2371204800
153,28.3,28.5,27.1,27.5,13996500,20522.10938,20656.96094,20215.9707,20297.7207,2526023900
154,27.5,27.9,27.3,27.85,11871000,20479.58008,20866.33008,20294.14063,20846.17969,2053608500
155,27.4,27.7,27.4,27.5,5302000,20719.19922,20758.71094,20549.43945,20661.06055,1287501200
156,27.8,28.3,27.7,28.15,9228000,20968.41992,21111.7793,20884.91992,20890.2207,1405277200
157,28,28.05,27.5,27.9,5596000,20811.59961,20827.60938,20527.34961,20574.63086,1760411700
158,27.95,28.5,27.95,28.45,7431000,20717.4707,20788.46094,20513.80078,20609.14063,1327660200
159,28.4,28.95,28.3,28.8,6113000,20516.33984,20595.08984,20353.67969,20562.93945,1377192600
160,28.9,29.3,28.85,29.05,6289000,20676.67969,20952.44922,20631.82031,20905.88086,1701166300
161,28.95,29.3,28.8,29,5436500,20684.48047,20770.09961,20572.41992,20670.03906,1729858600
162,29.1,29.2,28.7,28.75,3692500,20705.46094,20772.63086,20533.41992,20622.67969,1965166200
163,28.8,28.95,28.1,28.3,6192500,20647.44922,20647.44922,20050.05078,20156.50977,2181726400
164,28.55,28.65,27.75,28.4,7454500,20026.59961,20251.42969,19883.91992,20165.83984,1970707400
165,28,28,27.65,27.9,5200000,19943.16016,19943.16016,19515.53906,19689.21094,2291211500
166,27.7,28,27.55,27.85,4104500,19865.68945,19921.91016,19685.48047,19767.08984,1789743100
167,27.95,28.3,27.7,27.9,4867000,20011.25,20216.58008,19995.46094,20174.03906,1924409500
168,28,28.2,27.75,28.05,3948500,20283.58984,20283.58984,20096.53906,20201.93945,1635424000
169,28.05,28.35,27.85,28.2,5278000,20065.34961,20171.89063,19954.03906,20045.76953,1376942200
170,28.15,28.65,27.95,28.25,3825500,20039.30078,20250.86914,19856.23047,20003.43945,1497207600
171,28.1,28.2,27.75,27.95,3904500,19956.50977,19956.50977,19469.10938,19610.83984,1730318000
172,28.2,28.3,27.95,28.3,3303000,19840.57031,20082.42969,19789.96094,20082.42969,1600822900
173,28.2,28.2,27.75,27.85,5501500,20158.28906,20208.01953,20011.38086,20175.61914,1567854600
174,28,28,27.35,27.55,6708500,20038.48047,20260.66016,19984.03906,20040.85938,1393358500
175,27.5,28,27.35,27.5,4314500,20107.14063,20173.40039,19662.60938,19830.51953,1947792800
176,27.6,27.85,27.45,27.65,2601000,19995.76953,20069.84961,19800.58008,19922.44922,1411797700
177,27.7,27.7,27,27.1,7367000,19991.93945,19991.93945,19675.46094,19763.91016,1586624700
178,26.85,27.45,26.7,27.15,4438000,19656.80078,19898.17969,19656.80078,19773.0293,1399802300
179,27.25,27.6,27,27.1,4185500,19572.41992,19825.92969,19564.18945,19656.98047,1596111900
180,27.05,27.25,26.7,26.85,4998000,19644.23047,19701.55078,19377.08984,19503.25,1847479400
181,26.85,27.05,26.7,26.8,4494500,19542.24023,19542.24023,19189.53906,19268.74023,1997568500
182,26.9,27.15,26.5,27,3368500,19418.46094,19990.31055,19418.46094,19968.38086,1684299400
183,27.3,27.35,26.95,27.25,4336000,20138.68945,20185.15039,20050.9707,20170.03906,1868937800
184,27,27.45,26.9,27.45,4386500,19960.28906,20073.93945,19889.66992,20023.2207,1595204700
185,27.4,27.4,26.8,27.2,5700000,20062.73047,20062.73047,19645.57031,19949.0293,1658925400
186,26.9,27.2,26.7,27.1,7192000,19589.84961,20173.01953,19564.83984,19954.39063,2783305100
187,26.8,26.85,26.4,26.65,6678500,19761.7207,19839.50977,19532.85938,19597.31055,2000258900
188,26.7,26.7,26.45,26.65,2888500,19572.4707,19630.80078,19342.49023,19452.08984,2095560800
189,26.5,26.8,26.3,26.65,4279000,19299.08984,19299.08984,19064.78906,19225.69922,2181084500
190,26.75,26.95,26.55,26.75,4940000,19261.69922,19358.01953,19107.59961,19202.73047,1716319000
191,26.4,26.8,26.05,26.55,4356000,18915.86914,19068.90039,18818.7793,19044.30078,1839592500
192,26.65,26.75,26.2,26.3,4118500,19043.83984,19075.74023,18803.75977,18854.61914,1718131700
193,26.25,26.9,26.25,26.65,5263500,18893.65039,19417.56055,18893.65039,19362.25,1994834000
194,26.65,27.15,26.6,27,6287500,19404.64063,19492.06055,19296.25,19326.85938,1787223000
195,26.6,26.7,26.45,26.55,5289500,18933.30078,18989.2207,18797.78906,18847.09961,1731976600
196,26.05,26.25,25.85,25.9,3857500,18833.90039,19013.0293,18833.90039,18930.38086,1797327700
197,25.6,26.05,25.55,25.7,5388000,18732.43945,18905.2793,18678.2207,18761.68945,2793919500
198,25.8,26.35,25.75,26.3,4986000,18695.34961,18697.08984,18494.53906,18565.9707,1745749500
199,26.4,26.75,26.3,26.65,6161500,18700.67969,18861.4707,18685.46094,18781.41992,1478169400
200,26.6,26.95,26.5,26.65,7156500,18638.84961,18638.84961,18434.65039,18444.61914,1629375400
201,26.35,26.65,26.3,26.5,6491000,18080.92969,18195.08984,17965.33008,18147.94922,1729134100
202,26.75,27.8,26.5,27.6,14533000,18055.58984,18165.94922,17926.28906,17933.26953,1776795400
203,27.6,28.2,27.45,27.9,19532000,17781.86914,18077.64063,17727.40039,17855.14063,2557096600
204,27.95,28,26.95,27.25,7802000,17838.65039,17904.21094,17648.41992,17860.31055,1900500000
205,26.95,27.35,26.05,26.2,7769500,17703.39063,17703.39063,17184.53906,17250.88086,2948457300
206,26.4,26.6,25.7,25.95,5651000,17570.16992,17629.66992,17046.83008,17165.86914,2534665600
207,26,26.4,26,26.2,4389000,17165.92969,17344.81055,17016.2793,17222.83008,2113942500
208,26.05,26.15,25.2,25.75,5711000,17050.25,17252.10938,16906.96094,17079.50977,1361001600
209,26.7,27,26.3,26.65,8803500,17811.9707,18164.19922,17682.84961,18087.9707,2256107700
210,26.85,27.15,26.55,26.75,5122500,18100.48047,18143.84961,17958.14063,18012.15039,1082368000
211,26.4,26.75,26.35,26.5,2573500,17851.61914,17881.86914,17717.73047,17740.05078,1129251000
212,26.2,26.45,25.95,26.45,4468500,17449.35938,17449.35938,17174.60938,17216.66016,1771824300
213,26.45,26.75,26.05,26.05,6070500,17194.73047,17206.50977,16789.9707,16832.35938,1797693500
214,26.25,26.55,25.75,25.75,7463500,16758.26953,17040.69922,16438.59961,16701.0293,2407431400
215,25.85,26.1,25.65,25.7,7373000,16700.65039,16736.58984,16389.10938,16389.10938,2241934000
216,26.25,26.75,25.75,25.8,9030000,16671.67969,17028.67969,16535.36914,16587.68945,2322665100
217,25.9,26.2,25.7,25.95,6629500,16479.74023,16754.51953,16308.9502,16612.90039,2061247900
218,26.25,26.6,26.05,26.5,4201500,16860.19922,16914.58008,16558.41016,16914.58008,1971282000
219,26.5,26.75,26.2,26.35,6126000,16805.91016,16923.11914,16508.36914,16511.2793,1713974900
220,26.1,26.6,26,26.45,5720000,16230.79004,16452.9707,16010.71973,16280.21973,2295268600
221,26.55,26.55,26.05,26.3,5072000,16331.11035,16359.04004,16137.17969,16211.12012,2052413100
222,26.2,26.35,25.4,25.6,10862500,15894.75,15993.87988,15082.83984,15180.69043,3597357500
223,25.6,25.6,24.6,24.75,9481000,15242.09961,15435.37012,14947.38965,15165.58984,3275325600
224,24.9,25.15,24.7,24.75,10002500,15096.32031,15584.05957,15041.40039,15317.66992,2718640800
225,24.95,24.95,24,24.15,12375500,15721.26953,15833.28027,15410.96973,15427.94043,2526173200
226,24.3,24.6,23.55,23.85,10725000,15424.94043,15441.99023,14770.08984,14863.05957,3051258500
227,24.05,24.95,23.9,24.4,15007500,14830.69043,15113.15039,14597.30957,14687.01953,4183641700
228,24.7,24.9,23.85,24.25,10601000,14859.91992,15632.84961,14859.91992,15455.26953,3787359000
229,24.25,24.65,24.1,24.4,8506000,15389.5498,15867.24023,15276.75977,15827.16992,2774638200
230,24.5,24.9,24.3,24.5,8279500,15477.74023,15623.17969,15301.66992,15339.49023,2544805200
231,24.55,25.5,24.45,25.1,11891000,15442.75977,16513.16016,15442.75977,16161.13965,3951121100
232,25.2,26.1,25.15,25.7,7967500,16031.79004,16821.89063,15980.84961,16595.91016,3227830100
233,26,26.1,25.6,25.65,7191500,16640.59961,16719.00977,16429.81055,16557.31055,2071208700
234,25.85,26.15,25.35,25.5,6810000,16552.80078,16730.19922,16213.03027,16358.51953,3270965100
235,25.4,25.5,25.15,25.2,6311500,16138.21973,16138.21973,15945.2002,16081.04004,2204747800
236,25.95,26.2,25.35,25.4,18349000,17120.05078,17368.03906,16829,17325.66016,5112566000
237,25.9,25.9,24.1,24.3,38952000,17999.25977,18011.64063,17518.88086,17619.71094,5547517900
238,24.3,25.3,24.3,25.1,21623500,17665.80078,18356.7793,17552.30078,18343.11914,4900022200
239,25.05,25.4,24.65,24.75,19235500,18169.21094,18414.08984,18031.86914,18256.48047,3918387100
240,24.55,24.75,23.9,24.1,21834000,18071.59961,18220.81055,17711.83984,18045.66016,2930448500
241,24.15,24.35,23.85,24.05,14031000,18316.35938,18378.06055,17910.18945,17992.53906,2792874200
242,23.8,24.25,23.7,23.9,13612000,17654.15039,17746.33984,17389.44922,17655.91016,2230983500
243,24.05,24.5,24,24.35,6249500,17625.18945,17751.92969,17287.59961,17424.41016,3024902000
244,24.25,24.65,24.2,24.45,8592500,17460.90039,17640.83984,17375.96094,17523.81055,2423764400
245,24.65,25.1,24.35,24.85,10947000,17684.5293,17759.24023,17517.11914,17660.90039,2910419300
246,25.05,25.15,24.85,25.1,5278000,17673.19922,17673.19922,17412.03906,17573.58008,3176711400
247,24.7,24.8,23.95,24.15,8503500,17000.23047,17364.21094,16833.67969,17297.93945,2799254000
248,24.4,25.05,24.35,24.9,12398500,17558.59961,18204.67969,17536.44922,18204.67969,4273394700
249,24.7,25.05,24.55,24.6,13052500,18141.56055,18645.34961,18052.32031,18597.23047,5359650800
250,24.95,25.05,24.5,24.65,13657500,19058.90039,19237.44922,18679.34961,18736.43945,4262000300
251,24.75,24.8,24.25,24.5,12472000,18785.2793,18841.2207,18530.82031,18675.34961,3757394000
252,24.55,24.8,24,24.1,36992500,19221.67969,19539.59961,19035.14063,19518.28906,4890142300
253,24,24.65,24,24.35,19363000,19211.69922,19569.66992,19202.86914,19441.17969,3552078500
254,24.4,25,24.35,24.55,22304000,19380.80078,19737.31055,18799.81055,18814.82031,5308866200
255,24.5,25.15,24.5,25.15,18437000,18965.05078,19521.59961,18965.05078,19450.23047,2856166600
256,25.05,25.35,24.8,24.95,11289000,19484.23047,19926.48047,19404.5,19900.86914,4023277500
257,24.95,25.45,24.9,25.1,9466000,19594.51953,19718.08008,19366.2207,19463.63086,3115198500
258,25.35,26.05,25.2,25.95,15945500,19458.01953,19707.75,19382.30078,19596.19922,2584117300
259,26.15,26.5,26.05,26.3,13623000,19775.33008,19859.75,19528.71094,19673.44922,2758656100
260,26.35,26.5,25.8,25.8,6325500,19612.66992,19675.67969,19233.85938,19368.58984,2243394000
261,26,26.25,25.65,26.2,7248500,19343.69922,19621.13086,19130.5293,19450.66992,2875978600
262,26.25,26.35,26,26.15,4378000,19472.21094,19786.28906,19255.94922,19352.81055,2238224700
263,26.15,26.6,26,26.5,12561500,19156.93945,19283.14063,18885.19922,19094.80078,1938516900
264,26.6,26.75,26.1,26.1,7506000,19190.91016,19255.74023,19063.30078,19160.49023,1348431000
265,26.55,26.65,26.15,26.4,5833500,19537.44922,19735,19475.67969,19679.2207,1939795100
266,26.25,26.55,26.25,26.4,3077500,19382.23047,19686.76953,19380.4707,19593.06055,1363741800
267,26.75,27.15,26.6,26.95,8407000,19787.93945,20099.76953,19787.93945,19898.91016,2823780600
268,26.9,26.9,26.6,26.65,3310500,19648.40039,19764.51953,19539.83984,19741.14063,2902362900
269,26.9,26.9,26.4,26.6,4614500,20030.84961,20073.91992,19781.41016,19781.41016,1747706800
270,26.25,27.2,25.85,26.8,8080000,19570.42969,20212.55078,19303.73047,20145.28906,2286651100
271,27,27.75,27,27.1,13804000,20319.98047,20793.10938,20233.39063,20793.10938,3015986300
272,27.8,27.9,27.4,27.5,10080500,21295.86914,21396.08984,20962.40039,21052.16992,2875372400
273,27.6,27.75,27.25,27.65,8257500,21220.89063,21282.71094,20862.76953,20991.64063,2754459500
274,28,28.15,27.25,27.6,7112000,21295.93945,21470.68945,21216.91992,21388.33984,2697924400
275,27.6,27.7,27.35,27.55,7495500,21370.41992,21395.41992,21187.73047,21331.46094,2543159700
276,27.5,27.75,27.35,27.6,10512000,21463.82031,21686.30078,21327.41016,21436.05078,2971313200
277,27.8,27.9,27.3,27.55,8263000,21599.82031,21698.93945,21223.83984,21514.09961,2834627500
278,27.7,27.85,27.4,27.6,6852000,21605.07031,21770.08008,21474.98047,21738.66016,2463604200
279,27.6,27.75,27.25,27.6,8412500,21818.65039,21947.55078,21572.50977,21746.7207,2559091800
280,27.45,27.5,26.9,26.95,7809000,21678.05078,21797.61914,21417.25,21577.64063,2307534200
281,26.9,27.1,26.7,26.95,7004500,21514.80078,21691.66992,21422.18945,21678,2485346700
282,26.65,26.95,26.65,26.9,6935500,21452.25977,21754.08008,21383.0293,21650.98047,1664915500
283,26.9,27.2,26.75,27.2,4777500,21812.46094,22051.76953,21754.34961,22044.65039,1956241900
284,27.4,27.6,27.25,27.5,7262500,22386.36914,22566.7793,22329.07031,22566.7793,2455079700
285,27.7,27.8,27.4,27.65,6879000,22614.91992,22700.84961,22483.7793,22688.90039,2012141000
286,27.65,28.25,27.6,27.75,11887500,22579.88086,22623.81055,21992.50977,22069.73047,3802780400
287,27.75,27.9,27.15,27.4,4644000,22190.26953,22284.32031,21631.55078,21842.33008,3304372200
288,27.35,27.35,26.8,27,8651000,21920.80078,22072.17969,21703.59961,22072.17969,2548571000
289,27.05,27.05,26.3,26.5,17925000,22276.23047,22311.96094,21930.5293,21958.35938,2401245600
290,26.35,26.45,26.05,26.15,8513500,21811.08008,21820.7793,21459.65039,21660.4707,2414664700
291,26.2,26.35,26.05,26.1,10534500,21349.16992,21349.16992,21085.7207,21222.16016,2314469800
292,26.25,26.5,26,26.35,8099500,21288.39063,21512.21094,21259.21094,21298.69922,1777942000
293,26.35,26.8,26.3,26.35,6451500,21283.90039,21443.48047,21178.86914,21283.51953,1894498900
294,26.25,26.5,26.25,26.35,5288500,21154.25,21637.55078,21151.26953,21624.35938,1933829700
295,26.35,26.6,26.15,26.3,5394000,21559.43945,21579.99023,21157.51953,21190.41992,1782692000
296,26.15,26.4,25.95,26,5560000,20910.08008,21230.15039,20799.91016,21164.41992,1772634000
297,26.15,26.8,26.15,26.5,7362000,21235.91992,21237.88086,21074.93945,21113.75977,1408732200
298,26.5,26.6,26,26.05,11930000,21116.83984,21117.58008,20726.83008,20812.16992,2143024200
299,26.25,26.4,26.1,26.15,5981500,20947.07031,21306.53906,20887.69922,20987.66992,2180463800
300,26.2,26.4,26.15,26.3,5619500,20958.63086,21056.67969,20703.74023,20719.81055,1631650800
301,26.3,26.8,26.25,26.8,6993500,20681.4707,20973.66992,20606.84961,20886.96094,1915367500
302,26.75,27.3,26.7,26.95,7044500,20859.5,20941.30078,20503.05078,20529.49023,2004601100
303,27.25,27.6,27.1,27.45,14068500,20512.49023,20620.98047,20344.85938,20423.83984,1766388300
304,27.35,27.45,26.55,26.7,8765000,20339.15039,20601.2207,20323.24023,20351.34961,1729748400
305,26.85,26.85,26.5,26.6,4582000,20223.66992,20233.64063,20006.7793,20010.03906,2061880100
306,26.55,26.7,26.35,26.55,5739000,19821.0293,20086.5293,19804.56055,19943.50977,1897627300
307,26.6,26.85,26.35,26.4,3741000,20020.16992,20185.05078,19783.07031,19785.93945,2751875300
308,26.4,27,26.35,26.75,7552500,19849.9707,20674.07031,19849.9707,20619.71094,2889639700
309,26.8,27,26.6,26.8,5782000,20390.01953,20548.57031,20321.25,20429.46094,1992565500
310,26.95,27.2,26.8,27,4289000,20703.14063,20727.25,20498.16016,20567.53906,2226145400
311,27.1,27.45,27.05,27.3,7227000,20437.86914,20702.75,20410,20603.18945,2485355800
312,27.3,27.65,27,27.25,5481500,20606.83008,21005.66016,20358.7793,20534.48047,3634829700
313,27.05,27.2,26.8,27,6450000,20256.89063,20269.92969,19969.4707,20051.25,2643542900
314,27.1,27.6,27.1,27.45,8790000,20082.41992,20157.24023,19907.58008,19925.74023,2193340400
315,27.3,27.35,26.85,27.05,7672000,19580.7793,19637.7207,19281.9707,19319.91992,3587989800
316,27,27.05,26.45,26.75,8124000,19411.88086,19791.64063,19390.38086,19695.9707,3133740000
317,26.65,26.65,25.7,25.9,16529500,19524.50977,19639.51953,19122.82031,19247.96094,3027393700
318,26.05,26.4,25.85,25.95,9105500,19523.49023,19745.43945,19431.08984,19539.86914,2633910800
319,25.55,25.6,24.65,24.9,18007500,19197.9707,19388.76953,19109.07031,19203.91016,3047393400
320,25.2,25.4,25.1,25.35,10626000,19439.83984,19597.17969,19303.28906,19518.58984,4332277000
321,25.3,25.35,24.55,24.7,11648000,19352.90039,19382.9707,18829.10938,19000.71094,2839042600
322,24.7,24.95,24.6,24.8,5391000,19118.86914,19295.64063,19018.09961,19258.75977,1929683800
323,24.95,25.6,24.95,25.35,7118500,19428.35938,19775.68945,19428.35938,19591.42969,2364133200
324,25.35,25.55,25.15,25.5,5419500,19619.74023,20051.25977,19523.5,20049.64063,2531213200
325,25.4,25.5,25.1,25.2,6643000,19919.65039,20118.28906,19834.44922,19915.67969,2306894000
326,25.15,25.2,24.75,24.8,4229000,19851.78906,19938.76953,19509.49023,19567.68945,2503607400
327,24.75,25.05,24.7,24.9,5421500,19688.31055,19875.10938,19559.4707,19784.65039,1935094200
328,25.1,25.5,25.05,25.3,4716000,20348.64063,20437.68945,20107.73047,20192.40039,2597427400
329,25.2,25.45,25.1,25.4,4677500,20216.78906,20320.01953,20017.16992,20309.13086,2981984600
330,25.2,25.3,23.8,24.5,50531500,20583.88086,20721.9707,20357.41016,20400.10938,3044982800
331,24.4,24.8,24.3,24.5,10157000,20379.5,20475.42969,20226.94922,20409.17969,2651152300
332,24.65,24.9,24.55,24.75,9705000,20364.35938,20364.35938,20126.90039,20274.58984,2415282800
333,24.6,24.85,24.4,24.6,9298000,20146.2207,20343.85938,20099.48047,20331.19922,2143238700
334,24.8,25.1,24.7,24.85,9634500,20566.58984,20750.73047,20293.36914,20485.24023,3064229800
335,24.9,24.95,24.55,24.7,8831000,20481.5293,20494.81055,20236.91992,20309.85938,2351926700
336,24.6,24.8,24.55,24.8,4207500,19977.96094,20344.48047,19885.5293,20344.48047,2329727600
337,25.15,25.15,24.75,24.8,6666000,20422.7207,20482.67969,20297.16016,20438.81055,2086262200
338,25,25.45,24.85,25.4,10130000,20374.50977,20864.74023,20299.15039,20782.44922,3411232600
339,25.3,25.65,25.15,25.35,5351000,20643.41016,20742.39063,20559.08008,20650.50977,2349659000
340,25.4,25.5,25.25,25.35,5669000,20633,20633,20336.71094,20367.75977,2183749600
341,25.35,25.4,25.1,25.2,8626000,20354.83008,20472.5,20308.33008,20396.9707,2047181600
342,25.2,25.5,25.1,25.25,9326000,20330.15039,20378.90039,19974.91016,20075.73047,2494223900
343,25.25,25.25,24.6,24.8,9894500,20049.86914,20146.36914,19734.67969,19959.93945,2247902000
344,24.75,24.8,24.6,24.6,6189500,19903.5293,19910.2793,19527.63086,19617.88086,2196274500
345,24.6,24.7,24.4,24.6,8201500,19520.9707,19903.73047,19520.9707,19757.26953,1941042600
346,24.55,24.8,24.45,24.55,7445000,19736.34961,19880.28906,19662.59961,19840.2793,2150454000
347,24.6,24.8,24.55,24.75,6148000,19936.01953,20167.88086,19879.07031,19894.57031,2574855500
348,24.7,24.8,24,24.2,19641500,20122.90039,20286.46094,19761.13086,19933.81055,1459412900
349,23.95,24.15,23.85,24.15,6773000,19686.15039,19721.96094,19538.7207,19699.16016,1460653600
350,24.1,24.55,24.05,24.35,8383500,19695.73047,19979.76953,19695.73047,19948.73047,3206294300
351,24.35,24.7,24.35,24.55,6250500,20061,20208.75,19968.41016,20049.31055,3321243000
352,24.55,25.2,24.55,24.9,14438500,20128.17969,20321.74023,20081.69922,20297.0293,4288098900
353,24.95,25.35,24.8,24.95,10513500,20252.13086,20297.83008,19817.7793,19867.58008,4037919400
354,25,25,24.7,24.85,6873000,19860.5,19880.0293,19696.58984,19762.19922,2779518700
355,24.8,24.8,24.5,24.65,8560000,19842.98047,19854.49023,19567.61914,19743.78906,2213792400
356,24.65,24.65,24.35,24.5,5000500,19850.83984,19853.36914,19596.49023,19627.24023,2284179000
357,24.5,24.8,24.4,24.65,6904000,19525.06055,20063.34961,19498.03906,19971.13086,2580074400
358,24.75,24.8,24.25,24.4,8975500,20183.2793,20183.2793,19891.49023,19978.25,1720897700
359,24.35,24.45,24,24.15,10505500,19956.13086,19987.92969,19538.08984,19560.57031,2258030500
360,24.3,24.5,24.05,24.1,7026500,19702.73047,19894.23047,19630.75977,19727.25,2095394100
361,24.1,24.35,24.05,24.35,7816500,19535.49023,19610.7207,19352.81055,19450.57031,1947230900
362,24.3,24.5,24.15,24.25,7111000,19479.06055,19806.43945,19410.07031,19678.16992,1677939600
363,24.25,24.45,24,24.15,7186000,19713.46094,19769.14063,19363.5,19431.25,1888538600
364,24.1,24.1,23.9,23.95,7288500,19279.39063,19304.19922,19046.80078,19115.92969,2476667200
365,23.95,24.15,23.55,23.75,11764500,18930.23047,18930.23047,18620.83984,18746.91992,2792438700
366,23.8,23.9,23.6,23.65,4948000,18827.08008,18879.08984,18517.85938,18551.10938,2196594700
367,23.7,23.8,23.55,23.7,5630500,18574.18945,18666.71094,18369.92969,18595.7793,2244980000
368,23.65,23.85,23.15,23.2,9691500,18415,18415,18044.85938,18234.26953,4372923700
369,23.25,23.5,23.05,23.05,7364500,18190.26953,18465.64063,18190.26953,18216.91016,2622765000
370,23.25,23.85,23.2,23.75,8708500,18566.81055,19024.91016,18548.30078,18949.93945,3731528000
371,23.8,24.2,23.75,24,4217500,19014.96094,19123.80078,18896.13086,19108.5,2096394500
372,24.1,24.2,23.9,24.05,3265000,19117.10938,19377.38086,19033.84961,19099.2793,2263636600
373,24.2,24.35,24,24.05,3084500,19327.15039,19410.48047,19196.08984,19252,2156059100
374,24.15,24.35,24.1,24.3,5434000,19227.83984,19339.82031,19087.66016,19299.17969,2212103200
375,24.3,24.55,24.15,24.45,4884500,19333.42969,19463.60938,19231.13086,19389.94922,2003013400
376,24.4,24.45,24.25,24.3,4962000,19440.99023,19440.99023,19255.65039,19404.31055,1688193100
377,24.3,24.5,24,24.45,8914000,19355.65039,19572.41992,19273.41992,19521.41992,2466291700
378,24.4,24.4,24.05,24.1,3731000,19547.58008,19641.16016,19352.33984,19408.41992,2482612800
379,24.25,24.3,24.05,24.25,4470000,19626.80078,19832.19922,19510.75977,19828.91992,2657480300
380,24.2,24.45,24.15,24.35,4806500,19915.43945,20155.91992,19876.41992,20040.36914,3582368700
381,24.4,24.45,24.25,24.4,3112500,19983.40039,20000.2207,19718.42969,19912.89063,1906054300
382,24.4,24.45,24.2,24.45,3260000,19863.85938,19863.85938,19504.63086,19607.08008,2121671900
383,24.2,24.3,24,24.2,3317500,19305.24023,19377.68945,19174.16016,19218.34961,1995615900
384,24.25,24.25,23.85,24.1,6329500,19135.01953,19138.41992,18800.33984,18889.9707,1689313400
385,24,24.1,23.9,23.95,4985000,18845.90039,19001.61914,18767.15039,18794.13086,2066052200
386,24.05,24.15,23.9,24.05,4006500,18851.66016,19226.32031,18842.41992,19148.13086,2059536300
387,24.1,24.4,24.1,24.2,4382500,19099.39063,19222.13086,19019.25977,19172.05078,1675196500
388,24.1,24.2,23.85,23.9,11927000,19180.2793,19180.2793,18837.32031,18934.35938,1690353400
389,23.9,24.1,23.9,24.05,9235000,18881.42969,19070.10938,18838.61914,18916.42969,1869555200
390,22.95,23.1,22.65,23,10586500,19002.55078,19371.71094,19002.55078,19306.58984,2214447500
391,23,23.05,22.8,22.95,6068500,19289.06055,19449.10938,19253.2207,19415.67969,1987401200
392,22.85,22.95,22.75,22.8,4273000,19355.06055,19378.90039,19095.59961,19110.38086,2432611100
393,22.75,22.9,22.25,22.3,10492500,18840.41016,18973.00977,18483.08008,18533.05078,3277132300
394,22.3,22.5,22.25,22.35,5464000,18435.46094,18537.75,18279.73047,18365.69922,2463266100
395,22.7,22.9,22.35,22.45,9079500,18747.5,18781.21094,18417.63086,18479.7207,1953461500
396,22.4,22.55,22.25,22.4,5087000,18671.41992,18806.55078,18573.66992,18659.83008,2114932400
397,22.45,22.65,22.3,22.55,3193000,18797.00977,18932.17969,18739.59961,18860.94922,1818311800
398,22.75,23.05,22.7,22.95,5708000,19181.31055,19368.91992,19163.21094,19350.61914,2729756500
399,23,23.4,22.95,23.3,4974000,19534.82031,19534.82031,19364.59961,19413.7793,2460070700
400,23.3,23.3,22.75,22.8,4922500,19324.33984,19324.33984,18979.91992,19015.7207,2591229600
401,22.7,22.7,22.45,22.6,4829500,18826.58984,19004.41992,18711.0293,18952.31055,1982969600
402,22.8,23.1,22.8,23,4812000,19003.2793,19215.74023,18888.75977,18928.01953,1807926400
403,23.05,23.35,23,23.3,7477500,18918.69922,19169.75,18886.42969,19075.25977,1637013200
404,23.15,23.15,22.65,22.75,6231500,18867.60938,18946.56055,18562.11914,18668.15039,2212871900
405,23.05,23.55,22.9,23.25,9499000,19172.2793,19465.26953,19111.82031,19434.40039,3670887000
406,23.3,23.5,23.15,23.5,4390500,19340.76953,19404.5,19245.66016,19365.14063,2136512600
407,23.5,23.85,23.5,23.7,7341000,19502.08984,19685.78906,19482.4707,19639.10938,3028767100
408,23.5,23.8,23.35,23.75,5886000,19418.48047,19940.58984,19381.90039,19916.56055,3094859900
409,23.75,23.9,23.35,23.7,10546000,20237.5293,20361.0293,20019.78906,20078.93945,4327873000
410,23.65,23.65,23.4,23.5,6294000,20211.19922,20331.2793,19891.81055,20011.11914,3013635300
411,23.5,23.5,23.05,23.2,6908500,19902.76953,19981,19475.15039,19517.38086,2958227800
412,23.05,23.15,22.85,22.9,6249500,19404.14063,19650.16016,19369.06055,19420.86914,2488071400
413,22.95,23.25,22.8,22.8,5162000,19671.13086,19857.39063,19461.60938,19539.46094,2771467700
414,22.9,23.1,22.8,22.95,3255000,19474.66016,19581.82031,19352.34961,19537.91992,2277019400
415,22.85,22.95,22.65,22.7,4740500,19308.55078,19370.80078,19112.60938,19184.16992,3491048500
416,22.65,22.75,22.5,22.6,3514000,19059.58008,19270.48047,19056.09961,19246.0293,2264244800
417,22.6,22.8,22.55,22.65,3721500,19125,19315.16992,19030.39063,19248.25977,2598340600
418,22.65,22.8,22.5,22.7,5067000,19319.91016,19346.28906,19049.91992,19075.18945,3363828300
419,22.45,22.5,22.2,22.4,5733000,18697.33008,18792.7207,18554.50977,18773.55078,3890510400
420,22.3,22.45,22.2,22.25,2731500,18599.19922,18745.82031,18513.7793,18581.10938,2668372200
421,22.15,22.3,21.8,22,8381500,18356.65039,18440.96094,18261.84961,18329.30078,2823625500
422,21.55,21.7,21.05,21.6,10441000,18023.10938,18399.19922,17900.76953,18326.63086,3160942900
423,21.6,21.85,21.4,21.55,6710000,18208.98047,18336.41016,17936.42969,17950.84961,3049414000
424,21.55,21.6,20.85,20.95,9874000,17798.4707,17867.66016,17587.38086,17623.28906,3141863900
425,21.05,21.2,20.85,21,8689500,17641.85938,17965.25977,17573.69922,17791.00977,2895653800
426,20.9,21.25,20.8,21.15,5651000,17762.75977,18000.5293,17730.78906,17845.91992,2499731900
427,21.15,21.35,21.1,21.2,5356500,17992.73047,18272.94922,17945.00977,18212.16992,2758913200
428,21.2,21.4,21.05,21.2,3610500,18037.59961,18137.65039,17969.41016,18119.39063,2467696800
429,21.5,21.85,21.25,21.35,2861500,18519.08008,18564.42969,18113.23047,18130.74023,2985842200
430,21.35,21.7,21.3,21.65,6749500,18261.68945,18583.80078,18239.91992,18484.0293,3071235600
431,21.65,22,21.5,21.6,6845500,18659.96094,18742.14063,18427.2207,18482.85938,3288670900
432,21.8,22.65,21.8,21.85,14952500,18580.4707,18667.17969,18312.75977,18382.06055,4074881200
433,22.25,22.6,21.9,22.45,8844500,18592.5293,18899.49023,18575.44922,18844.16016,4040296000
434,22.5,22.55,22.05,22.15,6088500,18717.41992,18725.5,18431.7207,18456.91016,2315663900
435,22.05,22.35,22,22.25,4206500,18405.08984,18492.58984,18256.09961,18449.98047,2352887700
436,22.3,22.5,22.2,22.35,5218500,18437.48047,18437.48047,18173.43945,18202.07031,2123306900
437,22.25,22.3,21.9,22.15,7768500,17941.65039,18164.60938,17842.36914,18096.44922,2522422900
438,22.1,22.3,21.9,22.2,4545000,18015.56055,18145.58008,17892.00977,18025.89063,1887139100
439,22.2,22.5,22.05,22.2,7102000,18131.09961,18200.51953,17954.9707,18009.2207,1865961200
440,21.7,22.05,21.7,21.85,6625000,18101.96094,18173.53906,17928.63086,18047.91992,2013840800
441,22.1,22.25,21.95,22,5384500,18154.00977,18372.65039,18030.78906,18182.89063,2781390700
442,21.9,21.95,21.6,21.8,2047500,18069.03906,18114.82031,17894.81055,17930.55078,1691546500
443,21.8,21.9,21.6,21.85,4304000,17942.07031,18004.74023,17832.30078,17997.16992,1778221800
444,21.7,21.7,21.3,21.4,7614000,17939.25,17995.38086,17833.19922,17885.59961,1657120100
445,21.4,21.55,21,21.15,5704000,17795.80078,17823.82031,17623.86914,17655.41016,2046449600
446,21.05,21.5,21,21.45,3293500,17578.25977,18078.68945,17573.81055,18057.44922,1924148900
447,21.4,21.65,21.3,21.35,2584500,18046.89063,18046.89063,17722.49023,17729.28906,1552391300
448,21.3,21.4,20.9,21.05,5665500,17661.84961,17718.17969,17379.43945,17466.90039,1909387100
449,21.05,21.25,20.95,21.2,4095000,17472.10938,17655.31055,17472.10938,17611.86914,1571624300
450,21.15,21.2,20.95,21.1,4172000,17587.08008,17627.73047,17352.83008,17373.0293,1997138800
451,21.2,21.65,21.2,21.45,4088500,17484.94922,17935.15039,17482.39063,17809.66016,1839910300
452,21.45,21.45,20.9,21,3897500,17546.39063,17546.39063,17212.86914,17331.2207,2102884000
453,21.1,21.1,20.9,20.95,3058000,17266.82031,17266.82031,17094,17195.83984,1294655000
454,20.95,21.15,20.95,21,2225500,17249.9707,17336.42969,17197.60938,17213.86914,1088259900
455,21.15,21.65,21.05,21.5,4692000,17370.0293,17603.80078,17370.0293,17485.98047,1141210000
456,21,21.8,20.85,21.4,1054000,17500.36914,17633.18945,17447.75977,17517.40039,1221298000
457,21.65,21.9,21.45,21.6,3469500,17726.63086,17916.61914,17638.00977,17664.73047,1596847200
458,21.75,21.85,21.6,21.7,3378000,17956.83008,18022.44922,17889.71094,17893.09961,2029133700
459,21.9,22.15,21.8,21.85,4751000,18258.25977,18290.91016,18175.34961,18238.21094,3861574900
460,21.8,21.85,21.35,21.4,5526000,17946.76953,18013.66992,17776.94922,17813.44922,2139651200
461,21.2,21.3,21.1,21.15,4494000,17803.31055,17858.17969,17601.5,17640.35938,1904582500
462,21.25,21.4,21.1,21.25,3471000,17806.23047,17815.71094,17671.99023,17773.33984,1730954900
463,21.25,21.5,21.2,21.3,2997000,17728.25,17831.17969,17625.89063,17732.51953,1937541200
464,21.05,21.2,20.8,20.85,7511500,17540.46094,17540.46094,17292.35938,17295.89063,2272465500
465,20.8,21.05,20.6,20.75,3790500,17127.25977,17309.74023,17118.07031,17172.13086,1989910700
466,20.8,20.85,20.5,20.65,4535500,17053.15039,17139.5293,16879.66016,16991.5293,2116174000
467,20.75,20.95,20.5,20.6,5612000,17465.42969,17465.82031,17001.42969,17085.33008,2499934100
468,20.65,20.8,20.45,20.55,4317500,17085.11914,17174.08008,16917.2207,17044.60938,1967215900
469,20.65,20.95,20.6,20.9,5134500,17160.23047,17497.7207,17078.24023,17398.73047,2452090300
470,20.85,20.9,20.6,20.6,4250500,17225.65039,17406.35938,17225.65039,17406.35938,2665231300
471,20.8,21.15,20.55,20.75,9836500,17337.69922,17337.69922,17042.09961,17112.48047,2112803500
472,20.85,21,20.65,20.9,4354500,17139.40039,17188.84961,16979.25977,17101.7793,1529284000
473,21.1,21.3,20.9,21,3849000,17282.39063,17459.42969,17176.00977,17230.58984,1802714600
474,21.15,21.55,21.05,21.45,6472000,17405.91016,17729.42969,17352.59961,17664.11914,1998722400
475,21.55,21.8,21.5,21.75,5773000,17913.53906,18037.93945,17899.34961,17966.58984,2764092100
476,21.6,21.6,21,21,4579500,17850.58984,17890.63086,17658.91016,17670.16016,1971243300
477,21.1,21.15,20.8,20.85,4560000,17650.50977,17753.58984,17537.19922,17568.46094,2140777800
478,20.95,21.05,20.8,21,2900500,17553.25977,17617.26953,17457,17511.28906,1643795500
479,20.9,20.9,20.5,20.5,7245500,17350.86914,17350.86914,17177.5293,17203.25977,1674484500
480,20.55,20.85,20.5,20.85,3276500,17263,17456.08008,17126.60938,17426.21094,1440269500
481,20.85,21.15,20.85,21,4236000,17495.09961,17565.2207,17358.89063,17396.85938,1449318000
482,21.4,21.75,21.3,21.5,7681000,17836.65039,18102.2793,17766.2207,18079,2908679700
483,21.6,21.8,21.4,21.7,6162500,18174.68945,18174.68945,17722.85938,17832.82031,1880199400
484,21.65,21.7,21.2,21.25,4258000,17584.32031,17631.03906,17413.46094,17454.18945,1945034800
485,21.4,21.6,21.25,21.6,4884000,17625.83984,17788.90039,17532.73047,17778.07031,1964565600
486,21.75,21.85,21.5,21.5,5272000,17932.53906,18057.61914,17689.00977,17733.89063,2090432200
487,21.4,21.65,21.3,21.65,2805500,17736.40039,17796.85938,17650.49023,17734.59961,1235837700
488,21.55,21.85,21.4,21.8,3493500,17680.05078,17927.35938,17577.31055,17910.83984,1671974300
489,21.55,21.7,21.35,21.5,4060500,17771.75,17771.75,17545.60938,17559.41992,1298211800
490,21.5,21.6,21.3,21.35,4395000,17677.51953,17677.51953,17358.24023,17525.06055,1502728300
491,21.7,21.7,21.25,21.3,3481000,17541.48047,17541.48047,17303.82031,17354.14063,1785765500
492,21.35,21.4,20.75,21,8184000,17359.08008,17359.08008,16881.98047,16993.43945,2810136500
493,21.05,21.15,20.85,20.85,6753500,16985.17969,17068.25977,16863.05078,17042.88086,3013993300
494,20.95,21.05,20.7,20.7,5275000,17019.16992,17038.98047,16830.30078,16830.30078,2434410800
495,21.05,21.35,20.75,20.85,4791000,16919.08008,16941.91016,16617.0293,16646.05078,2476132300
496,20.9,20.95,20.3,20.4,7355500,16606.53906,16606.53906,16228.51953,16327.86035,2682379700
497,20.45,20.7,20.3,20.6,6377500,16311.95996,16600.35938,16234.83984,16463.25977,1986768900
498,20.5,20.65,20.35,20.5,3945000,16376.44043,16376.44043,16157.98047,16345.88965,1947345700
499,20.55,20.75,20.4,20.5,3444500,16373.44043,16464.14063,16249.15039,16334.37012,1877235700
500,20.3,20.35,20,20.25,6366500,16149.05957,16276.87988,15972.30957,16201.49023,2532290600
501,20.3,20.5,20.1,20.4,3201000,16236.05957,16420.9707,16157.67969,16374.5,1980791700
502,20.4,20.55,20.15,20.15,4315500,16311.70996,16326.9502,16145.25,16228.75,1863333100
503,20.4,20.55,20.25,20.45,6404000,16419.74023,16577.75,16319.21973,16402.18945,2341652000
504,20.6,21.1,20.6,20.95,9937000,16610.69922,16964.33008,16610.69922,16792.18945,3900268500
505,20.7,20.85,20.45,20.6,5277500,16669.82031,16713.41016,16572.88086,16629.23047,1566620000
506,20.5,20.5,20.25,20.3,5034000,16551.43945,16579.55078,16408.01953,16505,1521452800
507,20.55,20.55,20.2,20.25,6474000,16647.94922,16741.05078,16549.49023,16613.81055,1647320700
508,20.25,20.45,20.1,20.45,2555000,16455.14063,16649.57031,16444.73047,16621.13086,1404417200
509,20.45,20.85,20.4,20.55,5730000,16743.06055,16857.83984,16271.5,16340.41016,2197553900
510,20.65,20.85,20.45,20.75,4402000,16561.7793,16673.57031,16439.25977,16624.83984,2228051300
511,20.8,21.2,20.8,21.1,5517000,16678.23047,17086.09961,16644.42969,17043.5293,2301329400
512,21,21.2,21,21.1,2541500,17066.51953,17095.11914,16950.90039,17047.39063,1570053000
513,21.25,21.25,20.65,20.8,4585000,17135.11914,17135.11914,16725.2793,16788.55078,1720670000
514,20.7,20.75,20.55,20.65,3784000,16624.91992,16657.50977,16564.80078,16646.41016,1577461700
515,20.6,20.6,20.35,20.4,5555500,16673.40039,16673.40039,16516.33008,16645.98047,1789349300
516,20.35,20.55,20.25,20.35,7785500,16573.11914,16745.73047,16455.57031,16535.33008,1936599800
517,20.45,20.55,20.1,20.2,6225000,16581.85938,16592.06055,16144.55957,16224.4502,2227172000
518,20.25,20.35,20.1,20.1,6310500,16256.09961,16414.78906,16190.01953,16190.01953,1937380500
519,20.05,20.15,19.7,19.72,15625000,16143.96973,16247.2998,16036.41992,16097.28027,1788113700
520,19.7,19.98,19.64,19.9,7413000,16154.16992,16459.91992,16106.83008,16302.04004,1970866100
521,19.76,19.76,19.2,19.28,21257500,16216.96973,16393.74023,16185.91016,16244.58008,1534599800
522,19.3,19.32,19.04,19.06,8998000,16258.28027,16334.70996,16104.5,16216.33008,1368415400
523,18.9,19.04,18.8,18.8,13575000,16030.25,16197.04004,15834.41016,15865.91992,2139164100
524,18.7,18.74,18.3,18.36,15378500,15764.37988,15764.37988,15194.94043,15276.90039,3952310100
525,18.38,18.72,18.3,18.66,10463000,15301.19043,15463.69043,15183.95996,15391.79004,2815987000
526,18.62,18.72,18.44,18.46,7621000,15404.69043,15540.75,15207.99023,15308.69043,2242257300
527,18.54,18.62,17.86,18.02,12604500,15349.0498,15362.91016,14794.16016,14961.17969,2812384600
528,18.06,18.62,18.06,18.42,7857500,15038.33008,15516.7998,14994.37012,15353.98047,2804009700
529,18.46,19.08,18.44,18.98,13476500,15602.4502,15975.11035,15412.09961,15899.87012,3597683500
530,19.04,19.28,18.88,19.22,9153500,15989.94043,16254.92969,15828.92969,16211.95996,4096404800
531,19.22,19.44,19.08,19.2,7645000,16158.71973,16240.95996,15888.04004,15952.23047,3314021500
532,19.2,19.48,19.2,19.28,5980500,16046.25,16258.4502,16012.58984,16077.24023,2923198800
533,19.18,19.22,18.82,19.04,9788000,15896.66016,15896.66016,15654.96973,15703.4502,2565524400
534,19,19.06,18.56,18.66,11156000,15652.0498,15744.04004,15411.66016,15485.07031,2594937800
535,18.78,18.82,18.52,18.52,7840000,15522.86035,15805.05957,15434.82031,15566.20996,2454568100
536,18.72,18.88,18.4,18.5,12241500,15756.12012,15912.61035,15435.84961,15533.55957,2475955200
537,18.58,18.58,18.02,18.34,13642500,15336.86035,15669.76953,15336.86035,15510.00977,2313277300
538,18.3,18.78,18.2,18.74,12863000,15541.23047,16154.0498,15541.23047,16136.87012,3314171100
539,18.78,18.96,18.66,18.72,7162500,16282.38965,16408.15039,16035.42969,16081.88965,2809645100
540,18.74,18.96,18.7,18.82,6850500,15988.62012,16093.51953,15821.86035,15878.07031,1940615100
541,18.66,18.78,18.42,18.64,3442000,15709.2998,15754.00977,15531.03027,15746.58008,745466400
542,18.56,19.26,18.2,19.06,9690000,15579.41016,15911.0498,15456.32031,15879.37988,1403032800
543,19.1,19.5,19.08,19.38,9327000,15824.20996,16029.01953,15751.36035,15944.62988,1056900200
544,19.44,19.68,19.32,19.58,8840000,16007.54004,16394.16016,15937.28027,16339.95996,1742961100
545,19.62,19.7,19.26,19.28,10078500,16334.46973,16334.46973,16137.98047,16155.61035,2185820800
546,19.26,19.38,19.16,19.36,5198500,16222.08984,16274.55957,16055.08008,16247.50977,2205924400
547,19.4,19.98,19.34,19.84,10094000,16182.92969,16756.00977,16138.80957,16503.09961,3844263000
548,19.92,20.3,19.84,20.2,8912500,16489.83984,16742.94922,16424.78906,16742.94922,2739673200
549,20.1,20.65,19.86,20.55,10546500,16654.67969,16895.82031,16654.67969,16725.85938,2903143800
550,20.45,20.65,20.25,20.6,7933500,16684.96094,16777.41016,16590.71094,16634.74023,2253549700
551,20.55,20.7,20.4,20.7,6013000,16645.63086,16828.66992,16453.5,16790.80078,2423909600
552,20.65,21.2,20.6,20.75,12772500,16833.60938,16844.33008,16517.83984,16536.84961,2587721800
553,20.55,20.9,20.55,20.75,4807000,16429.57031,16695.35938,16429.57031,16511.43945,3380825500
554,20.5,20.65,20.4,20.5,4539000,16390.89063,16651.66992,16321.12012,16589.43945,2880658500
555,20.45,21.05,20.4,21.05,11130500,16629.55078,16645.96094,16473.65039,16595.9707,2519017900
556,20.9,21.05,20.45,20.55,9832000,16343.9502,16450.36914,16095.67969,16162.63965,2697889500
557,20.55,21.1,20.5,20.95,6864000,16167.4502,16545.05078,16145.21973,16438.08984,2488701100
558,20.9,21.15,20.8,21,6884500,16417.76953,16512.41016,16136.12012,16229.78027,2535414300
559,21.1,21.3,21.05,21.15,6930000,16275.38965,16489.73047,16275.38965,16353.38965,2596313300
560,21.15,21.5,21.1,21.45,9219000,16416.16992,16625.64063,16416.16992,16587.57031,2494031000
561,21.5,21.9,21.3,21.65,11169500,16701.94922,17154.86914,16613.44922,17093.5,4001753000
562,21.9,22.05,21.65,21.75,9216500,17059.10938,17214.66992,17050.86914,17082.10938,2801014000
563,21.75,21.8,21.2,21.35,6336000,17120.53906,17209.82031,16878.10938,16961.66016,2699096400
564,21.35,21.35,21.05,21.05,7574500,16758.35938,16821.13086,16550.41992,16720.89063,3776694200
565,21.05,21.25,21,21.15,2933500,16690.25977,16801.64063,16641.58008,16737.11914,2241776800
566,21.1,21.2,20.85,21,4851000,16628.07031,16682.53906,16492.08984,16529.48047,2433582900
567,21.05,21.1,20.85,20.95,4365000,16559.00977,16654.08008,16430.11914,16543.07031,2291672600
568,21.05,21.55,21.05,21.4,5643500,16762.83008,16973.51953,16762.83008,16863.09961,3220967100
569,21.25,21.25,20.75,21,5033500,16745.26953,16747.19922,16341.61035,16499.4707,3110411500
570,21,21.15,20.9,21,5297000,16531.94922,16612.64063,16441.30078,16473.64063,2624506500
571,21.1,21.4,21.05,21.15,5492000,16548.5,16728.90039,16452.55078,16618.32031,2745765700
572,21.15,21.3,20.9,21.05,6589500,16530.43945,16612,16354.80957,16392.83984,2769889600
573,20.95,21.05,20.7,21,8058500,16378.40039,16725.60938,16345.90039,16541.41992,3203421300
574,22.1,22.85,22,22.85,34447000,16811.74023,17007.33984,16811.74023,16931.51953,3983141300
575,22.9,22.9,22.4,22.55,11264500,16926.84961,16926.84961,16689.18945,16725.09961,2667363200
576,22.55,22.75,22.15,22.45,7572000,16787.92969,16839.55078,16480.35938,16723.91992,1804396100
577,22.5,22.85,22.2,22.6,6003000,16650.83008,16895.06055,16580.5293,16732.84961,2636773000
578,22.6,23.05,22.6,22.9,7706500,16819.17969,17006.84961,16805.99023,16828.07031,2120056900
579,23.1,23.35,23,23.2,11884500,16926.01953,17190.5,16918.35938,17139.16992,2549074700
580,22.85,23.15,22.55,23,8485000,16856.18945,17141.35938,16856.18945,17095.0293,2480545300
581,23.05,23.05,22.65,22.7,7064500,16978.69922,17031.31055,16721.68945,16721.68945,2840321200
582,22.5,22.7,22.4,22.65,5493000,16487.35938,16647.08984,16465.40039,16600.46094,2561790600
583,22.45,22.6,22.2,22.5,10487500,16367.69043,16449.24023,16208.63965,16248.96973,3092911600
584,22.5,22.65,22.35,22.5,6985500,16225.54004,16316.69043,16155.83008,16251.83984,2450526000
585,22.5,23.1,22.45,22.85,10549500,16253.24023,16507.59961,16206.5498,16385.86914,3228014900
586,22.65,22.7,22.35,22.65,5127500,16246.33984,16254.90039,16044.4502,16224.13965,3393743300
587,22.8,23.15,22.7,23,5424500,16410.83008,16637.82031,16410.83008,16511.68945,2915063300
588,23,23.3,23,23.25,6751500,16679.39063,16846.13086,16599.21094,16828.92969,2993655900
589,23.4,23.45,23.2,23.4,10413000,16993.16992,17217.85938,16934.65039,17201.26953,3314752700
590,23.4,24.2,23.35,23.75,14335000,17144.11914,17438.83008,17109.57031,17284.53906,3147284200
591,23.75,23.9,23.65,23.75,8944000,17336.19922,17758.24023,17336.19922,17651.15039,3850968700
592,23.8,24.05,23.7,23.75,8757000,17737.92969,18031.16016,17679.18945,17746.91016,4850882200
593,24,24.4,23.9,24.15,10308000,17843.43945,17902.01953,17686.93945,17763.0293,3679962400
594,24.1,24.45,24,24.35,8790500,17760.67969,18217.82031,17740.61914,18207.13086,2424963300
595,24.55,24.65,24.2,24.25,7439000,18543.30078,18604.16992,18362.2207,18475.91992,2476085800
596,24.25,24.4,24.1,24.1,6859000,18488.55078,18590.16992,18389.53906,18578.30078,3438627300
597,24.15,24.3,24.1,24.25,4910000,18577.55078,18638.81055,18411.01953,18479.36914,2494399700
598,24.3,24.5,23.9,24.1,8790500,18510.53906,18606.56055,18298.35938,18313.85938,2911676300
599,24.05,24.25,23.95,24.1,5516500,18306.25,18560.75977,18278.10938,18537.81055,2904974500
600,24.25,25.2,24.2,25.15,21764000,18669.42969,18993.2793,18657.50977,18963.67969,6506899800
601,25,25.15,24.75,25.15,7455000,18904.58008,19123.48047,18827.59961,19115.06055,3760625900
602,25.2,25.4,24.95,25.15,6045500,19203.82031,19301.13086,19072.64063,19073.71094,3455242600
603,25.3,25.9,25.2,25.85,14205000,19262.78906,19442.90039,19114.38086,19376.5293,5813458500
604,25.95,26,25.5,25.85,9628500,19525.11914,19602.24023,19342.96094,19553.60938,4376057600
605,25.9,26.1,25.7,25.85,5688500,19621.42969,19706.11914,19574.56055,19636.2207,3501238100
606,25.85,25.9,25.3,25.7,6818500,19473.66992,19487.35938,19175.80078,19220.61914,3517186600
607,25.7,25.85,25.45,25.55,8014000,19225.25977,19359.67969,19149.41016,19195.59961,2837605100
608,25.6,25.6,25,25.35,6481000,19024.41016,19024.41016,18776.21094,18868.71094,3166005900
609,25.2,25.45,24.85,25,7045000,18742.2793,18867.91016,18532.41016,18608.93945,3549017600
610,25.05,25.45,25,25.4,4826000,18606.01953,18871.13086,18504.5293,18827.34961,2906070700
611,25.4,25.65,25.3,25.4,5291500,18814.00977,19000.51953,18776.09961,18821.16016,2432705400
612,25.2,25.35,24.75,25,7388000,18659.41016,18694.55078,18425.08984,18477.00977,3215579000
613,24.85,24.95,24.2,24.5,9817500,18423.7793,18537.91992,18163.21094,18230.18945,3492796500
614,24.7,25,24.35,24.35,13950000,18409.61914,18551.17969,18077.39063,18079.60938,5337054200
615,24.55,25.2,24.55,24.95,5916000,18283.56055,18573.81055,18283.56055,18403.03906,3140936400
616,24.85,25.25,24.8,24.85,10648500,18335.44922,18541.0293,18335.44922,18444.10938,2971467000
617,24.85,25.1,24.65,24.8,5174000,18489.7793,18724.61914,18375.26953,18424.96094,3250805000
618,24.9,25,24.6,24.8,4834500,18577.58008,18700.67969,18383.80078,18476.80078,2797746800
619,24.75,24.95,24.65,24.9,3450500,18562.48047,18575.68945,18302.33008,18366.94922,3310059200
620,24.95,25,24.45,24.7,7770500,18163.11914,18267.68945,17994.09961,18176.33984,3528461800
621,24.6,24.6,24.2,24.3,8148500,18032.40039,18063.7207,17848.75977,17937.83984,3139463400
622,24.45,24.6,24.2,24.45,4263500,18104.13086,18173.5293,17971.57031,18112.63086,2331253000
623,24.45,24.65,24.15,24.45,6705000,18028.07031,18109.89063,17927.16016,17941.7793,2621288300
624,24.4,24.5,24.2,24.3,4144000,17848.86914,18122.80078,17752.96094,17936.11914,2118421200
625,24.4,24.45,24.2,24.3,4557500,17961.89063,18043.48047,17854.78906,17915.55078,2550030800
626,24.3,24.75,24.2,24.5,7272000,18056.2207,18448.66016,18039.00977,18430.39063,3513293400
627,24.55,24.7,24.35,24.55,4461000,18453.63086,18520.36914,18274.19922,18335.32031,2682897600
628,24.45,24.45,24.05,24.15,7071000,18199.14063,18240.13086,17968.36914,18028.51953,3426213700
629,24.15,24.15,23.8,23.95,10250500,17906.35938,18032.66992,17789.57031,18027.71094,2716259500
630,24.15,24.5,24.05,24.05,5904500,18088.01953,18231.46094,17959.07031,18072.90039,2333709800
631,24.05,24.3,23.9,24.05,7599500,17934.63086,18156.34961,17934.63086,18089.92969,2308525600
632,24,24.05,23.8,23.9,7169500,17946,17961.91992,17677.33008,17716.4707,2806087800
633,23.95,24.3,23.9,24.1,7301000,17583.18945,17865.4707,17583.18945,17718.60938,2826596300
634,23.2,23.35,22.8,23.05,7207500,17669.41992,17986.14063,17669.41992,17769.14063,3374290200
635,23.15,23.35,23.05,23.2,4968000,17841.76953,18017.75977,17808.26953,17978.57031,3089691800
636,23.35,23.45,23.2,23.4,4054500,18079.7207,18133.30078,17942.08008,18028.2793,2994630800
637,23.3,23.4,22.8,22.85,6225500,18035.76953,18105.00977,17799.60938,17799.60938,2886550200
638,22.7,22.75,22.35,22.4,8264000,17667.9707,17735.58008,17453.56055,17524.06055,2348970100
639,22.55,22.85,22.4,22.65,6730500,17481,17617.64063,17376.48047,17523.23047,2618911600
640,22.65,23.05,22.6,22.75,5653000,17613.5,17765.88086,17455.08008,17471.66992,2641974200
641,22.85,23,22.7,22.95,4549500,17629.13086,17864.08984,17621.05078,17832.33008,2231597400
642,23,23.4,23,23.35,6571500,18020.16992,18317.31055,18020.16992,18293.38086,3059027200
643,23.25,23.5,23.15,23.2,4821000,18201.48047,18243.39063,17946.49023,18015.93945,2326339500
644,23.2,23.25,22.75,22.75,7537000,17845.06055,17899.55078,17727.98047,17727.98047,2334968300
645,22.85,22.95,22.75,22.75,2801000,17741.76953,17807.67969,17658.67969,17739.41016,2757015800
646,22.8,23,22.75,22.9,3322500,17653.23047,17864.11914,17623.74023,17778.41016,2018291500
647,22.75,22.9,22.55,22.7,4091500,17603.80078,17629.9707,17376.23047,17417.67969,2811638800
648,22.7,23.2,22.55,23.2,5172500,17465.13086,17693.34961,17313.88086,17635.88086,2133630300
649,23.15,23.35,23,23.3,4804500,17679.55078,17707.67969,17451.85938,17469.35938,2216456000
650,23.2,23.45,23.2,23.3,4854000,17454.42969,17516.94922,17251.25977,17311.05078,2208182400
651,23.25,23.6,23.1,23.25,6668000,17260.83008,17288.46094,16964.51953,17021.91016,2401390700
652,23.25,23.55,23,23.2,4679000,17079.66992,17229.18945,16924.58008,17021.31055,2374210700
653,23.35,23.65,23.3,23.55,5706000,17196.44922,17358.66016,17154.11914,17238.33984,2258413800
654,23.5,23.55,23.2,23.25,4763000,17194.36914,17194.36914,16971.59961,17002.91016,2552688900
655,23.3,23.5,22.65,22.75,12481500,17070.85938,17400.24023,17015.83008,17344.59961,2678950500
656,22.75,22.75,22.1,22.45,13578500,17327.84961,17408.94922,17248.11914,17304.96094,1933874700
657,22.15,22.35,22,22.25,6796000,17025.25977,17075.51953,16865.92969,16945.50977,2433818600
658,21.95,22.15,21.5,21.8,10840000,16676.82031,16944.58984,16441.43945,16698.35938,3667470600
659,22,22.2,21.8,22,6521500,16861.30078,16908.9707,16611.14063,16647.33984,2425958000
660,21.95,22.3,21.9,22,6371500,16684.7793,16988.25977,16684.7793,16877.85938,2267420200
661,21.85,22,21.55,21.9,7211500,16773.03906,17023.09961,16665.06055,16891.83008,2114356200
662,22.05,22.45,22.05,22.2,5073500,17097.35938,17252.2207,17079.34961,17090.23047,2145406500
663,22.35,22.5,22.2,22.25,3232000,17102.98047,17162.75977,17002.92969,17111.65039,1793074600
664,22.3,22.45,22.1,22.25,5748000,17160.21094,17252.88086,17074.68945,17174.06055,1934995900
665,22.3,22.45,22.2,22.35,5110000,17233.67969,17254.23047,17055.69922,17113.35938,1574534000
666,22.35,22.8,22.15,22.75,6448500,17008.21094,17283.65039,16926.4707,17109.14063,2407027500
667,22.9,23.35,22.8,23,9268000,17286.03906,17473.89063,17255.85938,17430.16016,2551716800
668,23.15,23.5,23.05,23.2,4793500,17569.66016,17685.85938,17547.65039,17569.57031,2361570600
669,23.4,23.75,23.25,23.6,8800500,17661.68945,17661.68945,17449.99023,17511.08008,1961800000
670,23.35,23.55,23.3,23.4,3296500,17313.85938,17415.48047,17232.13086,17391.00977,2060224300
671,23.55,23.65,23.05,23.15,9856000,17497.63086,17652.80078,17389.93945,17641,2945729800
672,23.2,23.5,23.05,23.45,3406000,17521.17969,17635.69922,17493.08008,17612.09961,2054121600
673,23.5,23.55,23.3,23.4,5631000,17709.26953,17826.05078,17709.26953,17798.73047,1970098500
674,23.35,23.6,23.3,23.6,8146500,17663.80078,17879.26953,17624.41992,17874.66992,2702698800
675,23.6,23.7,23.35,23.55,8063500,17847.99023,17879.00977,17659.28906,17692.44922,2184592400
676,23.5,23.65,23.35,23.65,6962000,17614.41016,17797.16992,17502.5293,17786.32031,2858172500
677,24.35,24.95,23.8,24.7,31228000,17794.41016,18202.59961,17778.09961,17989.07031,4753806200
678,24.45,24.45,23.85,24.2,9722500,17862.58984,17862.58984,17645.91992,17691.9707,3077120300
679,24.1,24.25,23.85,24.05,4902500,17665.92969,17725.50977,17583.69922,17651.49023,2470760400
680,24,24.4,23.9,24.15,6589000,17474.74023,17531.05078,17333.30078,17457.33984,2601237200
681,24.1,24.5,24.1,24.3,10086000,17469.96094,17555.60938,17332.49023,17444.30078,2558634900
682,23.9,24.25,23.6,23.95,12063500,17261.89063,17305.91016,17067.44922,17196.96094,3841864100
683,23.95,24,23.5,23.55,11974500,17205.41992,17297.94922,17133.5,17234.08984,2786726500
684,23.45,23.55,23.15,23.45,9485500,17051.83984,17124.96094,16964.2793,17108.71094,3071142700
685,22.85,23,22.55,22.85,5710500,17177.30078,17334.18945,17127.25,17240.39063,2374153300
686,22.9,23.3,22.9,23.05,4571500,17298.34961,17540.81055,17298.34961,17369.08984,2139977900
687,23.05,23.5,23,23.45,7516500,17252.76953,17422.11914,17177.08008,17422.11914,1127924500
688,23.45,24.1,23.4,23.8,12276500,17386.75,17715.76953,17368.14063,17660.01953,1665721500
689,23.85,24,23.25,23.65,11176500,17633.92969,18071.09961,17602.44922,18013.16016,3436673300
690,23.7,24,23.55,23.95,8461500,18069.33008,18355.15039,18047.13086,18258.57031,4005306800
691,24.05,24.5,23.95,24.15,9876000,18237.41016,18426.91992,18212.58008,18247.10938,2724524400
692,24.5,24.6,24.3,24.4,15065500,18573.91992,19002.05078,18532.2793,19000.56055,6008421400
693,24.75,24.95,24.45,24.5,20508000,19592.42969,19592.42969,19072.7207,19129.09961,6507488700
694,24.7,24.75,24.25,24.6,21430000,19302.57031,19954.06055,19176.58008,19924.58008,7428256300
695,24.9,25.1,24.5,24.9,27618500,20446.74023,20743.19922,20268.63086,20632.30078,9656093400
696,25.2,25.5,24.8,24.95,15595000,21175.41016,21488.75,20789.92969,21133.67969,1035706200
697,25,25.45,24.95,25.35,22950000,21289.59961,22667.74023,21289.59961,22443.73047,7696286600
698,25.8,25.8,24.85,25.35,19086000,22484.03906,22484.03906,21442.25,22113.50977,4942180900
699,25.25,25.7,24.85,25.5,13643500,22015.08008,22742.35938,21824.67969,22736.86914,4619951200
700,25.75,26.25,25.55,25.65,16424000,22948.34961,23241.74023,22719.91016,23099.7793,5098400000
701,25.95,25.95,24.5,24.85,24602000,22849.23047,22902.35938,20762.82031,20926.78906,11257900000
702,25.1,25.4,24.7,25.25,31873500,21290.03906,21417.75,20190.5293,20637.24023,7953600000
703,25.15,25.95,25.15,25.65,15006000,21046,21622.65039,20983.93945,21251.98047,6039900000
704,25.65,25.9,25.3,25.55,8233500,21228.65039,21348.85938,20693.75,21092.86914,5743300000
705,25.75,26.1,25,25.1,14910500,21046.18945,21095.00977,20154.71094,20318.78906,4906400000
706,25.1,25.65,25.1,25.35,7499500,20144.75,20548.17969,20131.33984,20286.84961,4158700000
707,25.45,25.7,25.15,25.2,7965500,20471.99023,20783.34961,19977.34961,20079.09961,3646900000
708,25.25,25.7,25.25,25.55,7570000,20106.65039,20952.99023,20058.66992,20804.10938,4586200000
709,25.5,25.9,25.5,25.6,5625500,20730.94922,20845.57031,20423.08984,20478.46094,3775000000
710,25.5,25.8,25.4,25.6,5210000,20433.49023,20629.48047,20380.03906,20498.94922,2556600000
711,25.7,26.2,25.7,26,10714500,20525.43945,20942.25977,20448.83984,20760.15039,3542000000
712,25.9,25.95,25.6,25.7,4758000,20576.05078,20685.46094,20448.46094,20489.61914,2725600000
713,25.7,25.9,25.55,25.7,3774000,20521.94922,20784.4707,20521.94922,20590.15039,2984600000
714,25.65,25.75,25.5,25.65,2510000,20592.74023,20669.41016,20428.93945,20599.35938,2978600000
715,25.75,25.85,25.5,25.5,3879000,20729.98047,20890.08008,20563.74023,20701.14063,3137700000
716,25.55,25.7,25.25,25.4,6289500,20586.55078,20681.51953,20270.07031,20380.64063,3626500000
717,25.75,25.85,25.1,25.3,9507500,20414.19922,20553.30078,20317.33008,20317.33008,3238200000
718,25.4,25.7,25.35,25.65,5712500,20427.88086,20667.2207,20353.33984,20506.42969,3278800000
719,25.8,25.95,25.55,25.95,8520000,20584.44922,20633.58008,20446.25977,20567.51953,2463600000
720,25.9,26.15,25.85,26.1,6056500,20409.93945,21006.9707,20409.93945,21006.9707,3147300000
721,26,26.2,25.6,25.95,6679500,20791.80078,20859.66016,20361.91992,20538.38086,3903900000
722,26.4,26.4,26,26.1,6228000,20386.35938,20986.31055,20370.43945,20953.33984,4317500000
723,26.25,26.6,26,26.05,10182500,21199.96094,21355.43945,20705.11914,20728.18945,4153500000
724,25.7,26,25.65,25.8,5031000,20258.14063,20505.00977,20151.38086,20426.92969,3649700000
725,25.9,25.95,25.05,25.2,8230000,20334.08984,20517.24023,19761.31055,19846.88086,4319500000
726,25,25.35,24.65,25.2,9099500,19671.91992,19840.2793,19608.32031,19823.44922,2862300000
727,25,25.3,24.85,24.9,5895000,19626.25977,19859.16992,19392.58984,19435.81055,3310000000
728,24.85,25.5,24.85,25.25,6802500,19503.0293,19608.24023,19332.33984,19426.33984,2947200000
729,25.35,25.7,25.3,25.4,4371000,19595.5,19781.08008,19470.42969,19576.60938,3176400000
730,25.65,25.65,25.25,25.4,4533000,19699.81055,19758.57031,19522.58984,19663.66992,2529900000
731,25.4,25.65,25.35,25.5,2751500,19623.39063,19752.92969,19575.91016,19705.00977,2057500000
732,25.4,25.55,25.25,25.4,3093000,19646.03906,19764.61914,19552.5,19601.10938,2079200000
733,25.45,25.55,25.1,25.3,9198500,19613.55078,19711.40039,19134.58984,19229.9707,3237600000
734,25.2,25.25,24.05,24.15,16765500,19307.33984,19351.06055,19102.06055,19150.99023,4385600000
735,24.15,24.4,24.05,24.15,11283500,19054.40039,19295.75,19054.40039,19159.19922,2384700000
736,24.25,24.5,24.1,24.35,7490500,19187.05078,19660.99023,19061.59961,19603.13086,2374800000
737,24.3,24.4,24.2,24.35,3786000,19558.17969,19558.17969,19312.25977,19366.96094,2160800000
738,24.4,24.5,23.8,23.85,19966500,19346.61914,19658.19922,19312.41016,19423.60938,2487600000